{
    "random_forest": {
        "MAE": 6.30532095358019,
        "RMSE": 9.068370999016135,
        "R2": 0.8028757702610173,
        "Adj R2": 0.8026768808880936
    },
    "xgboost": {
        "MAE": 6.252732697910791,
        "RMSE": 8.901951751309387,
        "R2": 0.8100444781194678,
        "Adj R2": 0.8098528216463887
    },
    "lightgbm": {
        "MAE": 6.189834450595532,
        "RMSE": 8.800949237575763,
        "R2": 0.8143305364136458,
        "Adj R2": 0.8141432043782453
    },
    "best_model": {
        "Adj R2": 0.8141432043782453
    }
}
